Daily update on Mon Oct 27 13:42:19 UTC 2025
Daily update on Tue Oct 28 09:31:35 UTC 2025
Daily update on Wed Oct 29 09:30:58 UTC 2025
Daily update on Thu Oct 30 09:31:20 UTC 2025
Daily update on Fri Oct 31 09:31:10 UTC 2025
Daily update on Sat Nov  1 09:27:11 UTC 2025
Daily update on Sun Nov  2 09:26:19 UTC 2025
Daily update on Mon Nov  3 09:35:02 UTC 2025
Daily update on Tue Nov  4 09:33:37 UTC 2025
Daily update on Wed Nov  5 09:33:11 UTC 2025
Daily update on Thu Nov  6 09:33:02 UTC 2025
Daily update on Fri Nov  7 09:30:29 UTC 2025
Daily update on Sat Nov  8 09:27:01 UTC 2025
Daily update on Sun Nov  9 09:26:34 UTC 2025
Daily update on Mon Nov 10 09:34:41 UTC 2025
Daily update on Tue Nov 11 09:32:55 UTC 2025
Daily update on Wed Nov 12 09:32:56 UTC 2025
Daily update on Thu Nov 13 09:33:03 UTC 2025
Daily update on Fri Nov 14 09:32:07 UTC 2025
Daily update on Sat Nov 15 09:27:03 UTC 2025
Daily update on Sun Nov 16 09:28:18 UTC 2025
